noa@gmail.com,Nnoa12345$
sony@gmail.com,Nnoa12345$
vika@gmail.com,Nnoa12345$
noa@gmail.com,Nnoa12345$
sony@gmail.com,Nnoa12345$
vika@gmail.com,Nnoa12345$
noa@gmail.com,Nnoa12345$
sony@gmail.com,Nnoa12345$
vika@gmail.com,Nnoa12345$
noa@gmail.com,Nnoa12345$
sony@gmail.com,Nnoa12345$
vika@gmail.com,Nnoa12345$
noa@gmail.com,Nnoa12345$
sony@gmail.com,Nnoa12345$
vika@gmail.com,Nnoa12345$
noa@gmail.com,Nnoa12345$
sony@gmail.com,Nnoa12345$
vika@gmail.com,Nnoa12345$
noa@gmail.com,Nnoa12345$
sony@gmail.com,Nnoa12345$
vika@gmail.com,Nnoa12345$
noa@gmail.com,Nnoa12345$